noise_type,phase_psnr,phase_psnr_std,phase_ssim,phase_ssim_std
Mixed (All),45.57350964001303,1.60788321189249,0.9679168719273492,0.010230800612413993
