z_mm,z_offset_mm,phase_psnr,phase_psnr_std,phase_ssim,phase_ssim_std
19.0,-1.0000000000000009,10.009516466420623,0.01539567799168037,-0.006306805607407281,0.0019738149455054057
19.5,-0.5000000000000004,16.094276993168247,0.044961124587715645,-0.011280023922817574,0.0038440708734685477
20.0,0.0,45.67639394272735,1.7106682360799306,0.9693014302190694,0.010384745670825323
20.5,0.5000000000000004,11.492653829182277,0.026810676774731874,0.007202699399966202,0.0016947695851483654
21.0,1.0000000000000009,9.035218442090564,0.015454075475835594,0.005983316357854182,0.001434834667979911
