config_name,config_id,training_time_sec,best_val_loss,amp_ssim,phase_ssim,amp_psnr,phase_psnr,freq_ssim,bs_ratio
Full Model (Baseline),full_model,1396.5777411460876,0.1689160324278332,0.9591731344876756,0.9679168719273492,37.72111893437823,45.57350964001303,0.212460134640332,0.374627482566622
Full - L_freq,no_freq,1413.2068510055542,0.026857876617993628,0.7303544944024373,0.9655956369427163,34.74318675465086,46.574444171130914,-0.022423141127542526,0.5300978468731046
Full - L_phy,no_phy,1594.3169980049133,0.1562851546775727,0.8704455189791516,0.961978000050189,37.17501457953428,44.13533834375469,0.2285210327001943,0.7219058168270895
Only L_complex,only_complex,1569.116487979889,0.021731258029975588,0.6296047793003886,0.9713036532540739,33.87423366601785,46.83406757897833,-0.07376106024671542,0.5267030513214488
"Pure Spatial (no L_freq, no L_phy)",pure_spatial,1395.5910940170288,0.024972101791747033,0.6252144627465249,0.9525428230300735,33.29202170586924,44.721528451134866,-0.06412226380691187,0.6361389030071516
