train_loss,val_loss,epoch
0.3789018812417984,0.23248187369770473,1
0.23278295228481294,0.18489884052957808,2
0.1911716034412384,0.1689160324278332,3
