train_loss,val_loss,epoch
0.0881531357705593,0.03953465228042905,1
0.03408360904753208,0.035909083272729604,2
0.0296357734978199,0.026857876617993628,3
