train_loss,val_loss,epoch
0.3440481254577637,0.21518866741468037,1
0.18709273314476013,0.1647950524375552,2
0.16642933180332184,0.1562851546775727,3
