train_loss,val_loss,epoch
0.06533894625306129,0.030536581067338822,1
0.024858536159992218,0.021731258029975588,2
0.020725958310067655,0.023033877036401203,3
