train_loss,val_loss,epoch
0.0922015791118145,0.04076199269010907,1
0.03314999188482761,0.03344916005337995,2
0.02780363717675209,0.024972101791747033,3
